"refYear","partnerDesc","Avg_Price_Per_Unit","fact_id","country_id","date_id","Production (tonnes)","Yield (tonnes/hectare)","yearly_avg_temperature","yearly_min_temperature","yearly_max_temperature","yearly_min_rainfall","yearly_max_rainfall","yearly_avg_rainfall","yearly_total_rainfall"
1994,"Brazil",1.2174,1,5,1994,330577,0.47320002,24.648493150684935,18.7,28.9,0,44,5.2873972602739725,1929.9
1995,"Brazil",1.0387021185199043,2,5,1995,296705,0.40170002,25.016164383561645,21.8,29.7,0,35.5,5.19041095890411,1894.5
1997,"Brazil",1.51134947449922,3,5,1997,277966,0.38840002,25.242191780821916,21.5,30.9,0,36.7,4.567671232876712,1667.2
1998,"Brazil",1.1202631690855716,4,5,1998,280801,0.39560002,25.90164383561644,22.7,29.4,0,39,4.1997260273972605,1532.9
1999,"Brazil",0.974163771415404,5,5,1999,205003,0.30100003,24.843287671232876,21.4,29.7,0,50.9,4.935342465753425,1801.4
2000,"Brazil",0.735751467120373,6,5,2000,196788,0.2788,24.831967213114755,21,29.5,0,66,5.038524590163934,1844.1
2001,"Brazil",0.7729203926854981,7,5,2001,185662,0.2789,24.94438356164384,22.2,28.8,0,33.3,4.704383561643835,1717.1
2002,"Brazil",1.56434619025688,8,5,2002,174796,0.30020002,25.683287671232875,21.9,29.7,0,38.6,3.7994520547945205,1386.8
2003,"Brazil",1.87355593773649,9,5,2003,170004,0.28770003,24.946849315068494,22,29,0,30.3,4.718082191780821,1722.1
2004,"Brazil",1.503224996500365,10,5,2004,196005,0.3068,25.071584699453553,22,28.8,0,43.6,5.331420765027322,1951.3
2005,"Brazil",1.36278391479627,11,5,2005,208620,0.3336,25.343013698630138,20.5,30.6,0,50.7,5.982739726027397,2183.7
2006,"Brazil",1.0239369363725357,12,5,2006,212270,0.328,25.044109589041096,21.5,29.5,0,41.8,4.82027397260274,1759.4
2007,"Brazil",3.5858670913343653,13,5,2007,201651,0.32060003,25.377808219178082,22.3,29,0,32.3,4.48054794520548,1635.4
2008,"Brazil",3.185945602395645,14,5,2008,202030,0.31500003,25.078688524590163,21.6,29.9,0,71.4,5.481693989071038,2006.3
2009,"Brazil",3.13429212694391,15,5,2009,218487,0.34350002,25.001643835616438,22,28.9,0,38.3,5.48986301369863,2003.8
2010,"Brazil",2.5999916390634747,16,5,2010,235389,0.3563,25.9572602739726,21.7,30.3,0,84.2,5.050684931506849,1843.5
2011,"Brazil",4.01129711759194,17,5,2011,248524,0.36520004,25.088219178082195,21.6,30.8,0,47,5.2534246575342465,1917.5
2012,"Brazil",2.7015264464366484,18,5,2012,253211,0.37,25.1396174863388,21.6,30.2,0,49.9,4.983333333333333,1823.9
2013,"Brazil",3.36849102092429,19,5,2013,256186,0.37170002,25.236712328767123,21.4,29,0,130.4,5.834794520547945,2129.7
2014,"Brazil",5.0764316000323255,20,5,2014,273793,0.3888,25.40767123287671,21.2,29.4,0,39.2,4.613972602739726,1684.1
2015,"Brazil",3.4853446360227247,21,5,2015,278299,0.39600003,25.85753424657534,22.2,30.7,0,40.7,3.887123287671233,1418.8
2016,"Brazil",3.653938604516553,22,5,2016,213871,0.29700002,26.01775956284153,22.8,29.8,0,67.4,4.743715846994536,1736.2
2017,"Brazil",4.296545384593464,23,5,2017,235809,0.39910004,25.384931506849316,21.8,30,0,35.1,4.676986301369863,1707.1
2018,"Brazil",2.6608941686683893,24,5,2018,239318,0.4146,24.936712328767122,22.1,28.3,0,56.2,4.91013698630137,1792.2
2019,"Brazil",3.026257186884609,25,5,2019,259451,0.44590002,25.2441095890411,22.9,29.4,0,105.3,4.465479452054795,1629.9
2020,"Brazil",3.033856325325887,26,5,2020,269740,0.4584,25.28087431693989,22,29.9,0,62.6,4.643169398907104,1699.4
2021,"Brazil",3.6513946968775537,27,5,2021,302126,0.5029,24.965205479452052,20.9,29.2,0,90.4,5.99917808219178,2189.7
2022,"Brazil",3.717724941594585,28,5,2022,301026,0.49940002,25.328767123287673,19.6,29.7,0,37.6,4.637260273972603,1692.6000000000001
2023,"Brazil",2.503237185100369,29,5,2023,296145,0.4833,25.623287671232877,21.7,31.6,0,51.5,4.3,1569.5
1997,"Ghana",1.41762191780822,30,2,1997,322490,0.3,27.559452054794523,22.9,32.1,0,50.6,2.7013698630136984,986
1998,"Ghana",1.254909800086919,31,2,1998,409360,0.3,28.30958904109589,23.3,33.7,0,51.6,2.76,1007.4
1999,"Ghana",0.326002270213927,32,2,1999,434200,0.33400002,27.25178082191781,22.8,31.7,0,47.8,3.447945205479452,1258.5
2000,"Ghana",1.842,33,2,2000,436600,0.29110003,27.74262295081967,23.4,32.8,0,30.5,2.5185792349726777,921.8
2002,"Ghana",1.68918918918919,34,2,2002,340562,0.28500003,27.86356164383562,22.9,32.9,0,34.3,2.6213698630136983,956.8
2004,"Ghana",0.8873784299067254,35,2,2004,737000,0.36850002,27.950819672131146,22.9,32,0,65.1,2.463934426229508,901.8
2006,"Ghana",1.74021232113395,36,2,2006,734000,0.4,28.18849315068493,23.3,32.3,0,69,2.272876712328767,829.6
2007,"Ghana",1.916339929432235,37,2,2007,614500,0.42000002,28.083835616438357,22.5,33.3,0,72.2,2.5556164383561644,932.8
2008,"Ghana",2.50540067242629,38,2,2008,680781,0.37350002,27.880054644808745,22.5,31.9,0,41.5,2.4549180327868854,898.5
2009,"Ghana",1.9831949283871833,39,2,2009,710638,0.44410002,27.99205479452055,22.4,32.4,0,33.5,2.5235616438356163,921.1
2010,"Ghana",2.04665418227216,40,2,2010,632037.4,0.395,28.048219178082192,23,32.8,0,23.9,2.797808219178082,1021.2
2011,"Ghana",2.931311996138021,41,2,2011,700020,0.4374,27.696164383561644,22.6,31.5,0,97.8,2.990684931506849,1091.6
2012,"Ghana",2.29946062855904,42,2,2012,879348,0.54950005,27.501639344262298,22.8,32.2,0,60.4,2.8584699453551914,1046.2
2013,"Ghana",2.7803018735795404,43,2,2013,835466,0.5221,27.757808219178084,22.7,32.6,0,84.5,2.621917808219178,957
2014,"Ghana",4.832046683036645,44,2,2014,858720,0.51000005,27.7986301369863,23.4,31.7,0,65.1,2.855342465753425,1042.2
2015,"Ghana",3.8978755499176025,45,2,2015,858720,0.51000005,28.026849315068493,23.7,32,0,40,2.2024657534246574,803.9
2016,"Ghana",3.1879821494496796,46,2,2016,858720,0.51000005,28.353825136612024,23.2,33.2,0,61.4,2.8308743169398904,1036.1
2017,"Ghana",1.90936662867133,47,2,2017,969300,0.5201,28.159178082191783,23.5,32.8,0,35.9,2.511780821917808,916.8
2018,"Ghana",2.8912450160103966,48,2,2018,904700,0.52400005,27.46027397260274,23.2,31.3,0,38.1,2.9591780821917806,1080.1
2019,"Ghana",2.7684908203564667,49,2,2019,811700,0.52820003,28.121917808219177,23.5,32.6,0,34.4,3.6424657534246574,1329.5
2020,"Ghana",3.9675655425908865,50,2,2020,800000,0.54170007,27.987704918032787,23.6,32.4,0,35.1,2.8155737704918034,1030.5
2021,"Ghana",3.794907757575756,51,2,2021,1047385,0.5526,28.14246575342466,23.5,32.5,0,115.8,3.261369863013699,1190.4
2023,"Ghana",2.48705759264872,52,2,2023,653700,0.56820005,27.744657534246574,23.6,32.4,0,86.6,3.7180821917808218,1357.1
1991,"Indonesia",0.88878,53,3,1991,174899,0.95080006,26.102465753424656,23.6,28.9,0,41.2,4.083013698630137,1490.3
1997,"Indonesia",1.5560899158499766,54,3,1997,329700,0.8528,26.09178082191781,23.8,29,0,31.6,3.2969863013698633,1203.4
1998,"Indonesia",1.5333509283045563,55,3,1998,456499,1.1323001,26.733972602739726,24.1,29.3,0,32.1,6.673698630136987,2435.9
1999,"Indonesia",1.1023963138922417,56,3,1999,367475,0.55020005,25.946027397260274,23.4,28.9,0,56.5,6.123835616438356,2235.2
2000,"Indonesia",0.8221754694088661,57,3,2000,421142,0.5616,25.95792349726776,23.2,28.5,0,44.1,6.322677595628415,2314.1
2001,"Indonesia",0.9568814569555228,58,3,2001,536804,0.7013,26.2427397260274,22.9,29.7,0,31.5,4.85041095890411,1770.4
2002,"Indonesia",1.0784786368409285,59,3,2002,619192,0.79700005,26.16794520547945,23.5,29.3,0,37.3,4.598356164383562,1678.4
2003,"Indonesia",1.3463512512627986,60,3,2003,695361,0.7235,26.30109589041096,23.5,29.6,0,49.5,5.857808219178082,2138.1
2004,"Indonesia",1.2459908519359388,61,3,2004,691704,0.634,26.339617486338796,23.2,29.8,0,27.9,4.274316939890711,1564.4
2005,"Indonesia",1.3000249284544514,62,3,2005,748827,0.6416,26.62383561643836,24.8,29.2,0,31.9,4.658904109589041,1700.5
2006,"Indonesia",1.1696016108374332,63,3,2006,769386,0.84950006,26.244383561643836,22.9,30,0,51.1,4.347945205479452,1587
2007,"Indonesia",1.70413903794568,64,3,2007,740006,0.80090004,26.229315068493154,22.3,29.9,0,56.9,5.624931506849315,2053.1
2008,"Indonesia",3.35031182284694,65,3,2008,803593,0.56380004,26.04863387978142,23,28.9,0,31,5.643169398907104,2065.4
2009,"Indonesia",2.5564028403664145,66,3,2009,809583,0.5101,26.627945205479453,23.8,30,0,53.5,3.816164383561644,1392.9
2010,"Indonesia",3.2908716056251572,67,3,2010,844626,0.51140004,26.404931506849312,24,28.7,0,53.1,7.743287671232877,2826.3
2011,"Indonesia",2.091891706051679,68,3,2011,712200,0.41110003,26.234520547945205,23.5,29.1,0,31.7,4.578630136986302,1671.2
2012,"Indonesia",2.5462683697107855,69,3,2012,740500,0.39960003,26.18032786885246,23.4,29.1,0,53.8,5.081967213114754,1860
2013,"Indonesia",2.4837237142348663,70,3,2013,720900,0.41420004,26.361643835616437,23.4,29.2,0,53.6,6.042191780821918,2205.4
2014,"Indonesia",3.739419011314657,71,3,2014,728400,0.42170003,26.263835616438353,23.7,29.3,0,51.5,4.593150684931507,1676.5
2015,"Indonesia",3.3159324910550185,72,3,2015,593331,0.34710002,26.300821917808218,23.7,30.6,0,48,4.173972602739726,1523.5
2016,"Indonesia",2.7853427234729367,73,3,2016,656817,0.38610002,26.97459016393443,24.5,29.3,0,87,6.060109289617486,2218
2017,"Indonesia",2.4121808194205925,74,3,2017,590684,0.35620004,26.695342465753424,23.9,28.6,0,60.6,5.527671232876712,2017.6
2018,"Indonesia",1.98648727084163,75,3,2018,767280,0.4763,26.61123287671233,24.1,28.8,0,47.6,4.572876712328767,1669.1
2019,"Indonesia",2.3262902918767945,76,3,2019,734795,0.47070003,26.60493150684931,24,29.3,0,70,5.82054794520548,2124.5
2020,"Indonesia",2.050887856460472,77,3,2020,720660,0.47760004,26.820491803278685,24.9,28.7,0,50.5,7.419945355191256,2715.7
2021,"Indonesia",2.346144683051321,78,3,2021,650611.7,0.45790002,26.63150684931507,24.8,28.7,0,64.5,5.884657534246576,2147.9
2022,"Indonesia",1.966031664692992,79,3,2022,650611.7,0.45790002,26.694246575342465,25,28.4,0,53.2,6.546027397260274,2389.3
2023,"Indonesia",2.435138098774018,80,3,2023,641741,0.45490003,27.144109589041097,25,29.8,0,48.9,4.132876712328767,1508.5
1996,"Cote d'Ivoire",1.62507681849082,81,1,1996,1235300,0.60170007,26.21448087431694,21.8,29.2,0,27,2.914207650273224,1066.6
1997,"Cote d'Ivoire",0.940651428571429,82,1,1997,1119110,0.61390007,26.234246575342464,22,31.3,0,67.6,3.197808219178082,1167.2
1998,"Cote d'Ivoire",1.51487722158562,83,1,1998,1201119,0.66730005,26.766301369863015,21.2,33.5,0,71.9,3.2399999999999998,1182.6
1999,"Cote d'Ivoire",1.17267254901961,84,1,1999,1163025,0.6121,26.065753424657533,21.6,30.2,0,81,3.546027397260274,1294.3
2000,"Cote d'Ivoire",0.4974315896748962,85,1,2000,1401101,0.7006,26.228415300546448,21.7,30.9,0,80.3,3.0827868852459015,1128.3
2001,"Cote d'Ivoire",1.34807277528326,86,1,2001,1212428,0.6821,26.343013698630138,21.5,31.1,0,43.4,2.4624657534246572,898.8
2002,"Cote d'Ivoire",1.8586604548203904,87,1,2002,1264708,0.67270005,26.375616438356165,22.4,30.5,0,82.9,2.967945205479452,1083.3
2003,"Cote d'Ivoire",0.3177886191199129,88,1,2003,1351546,0.6758,26.489863013698628,21.8,30.9,0,212.1,3.8043835616438355,1388.6
2004,"Cote d'Ivoire",0.8718490211299237,89,1,2004,1407213,0.68640006,26.554098360655736,21.8,31.1,0,100.8,2.758743169398907,1009.6999999999999
2005,"Cote d'Ivoire",0.1813362715652937,90,1,2005,1286330,0.58640003,26.38986301369863,22,30.6,0,43.9,3.169041095890411,1156.7
2007,"Cote d'Ivoire",2.129238712755395,91,1,2007,1229908,0.5184001,26.510136986301372,21.6,31.8,0,66.7,3.8805479452054796,1416.4
2010,"Cote d'Ivoire",1.7909062700202645,92,1,2010,1301347,0.5711,26.813698630136987,22.1,30.9,0,78.5,3.161369863013699,1153.9
2011,"Cote d'Ivoire",3.6644539614561,93,1,2011,1511255,0.5628,26.42109589041096,22.2,30.8,0,39.4,2.9131506849315065,1063.3
2012,"Cote d'Ivoire",5.01759393939394,94,1,2012,1485882,0.5411,26.291803278688523,22.3,30.6,0,44.6,2.7740437158469944,1015.3
2014,"Cote d'Ivoire",1.67137592592593,95,1,2014,1637777.5,0.531,26.516164383561645,22.2,30.5,0,60.2,3.170958904109589,1157.4
2015,"Cote d'Ivoire",3.66666666666667,96,1,2015,1796000,0.51940006,26.69150684931507,22.6,30.1,0,72.2,2.723287671232877,994
2016,"Cote d'Ivoire",6.7845,97,1,2016,1634000,0.51570004,27.105737704918035,22.7,32.2,0,135.1,2.919398907103825,1068.5
2017,"Cote d'Ivoire",5.7463125,98,1,2017,2034000,0.51070005,26.43780821917808,22.4,30.2,0,38.1,3.022739726027397,1103.3
2019,"Cote d'Ivoire",3.1778251666666666,99,1,2019,2235043,0.51870006,26.199178082191782,23.1,30.8,0,85.9,4.598082191780822,1678.3
2020,"Cote d'Ivoire",5.66525,100,1,2020,2200000,0.5105,26.284153005464482,22.6,31,0,41.4,2.7822404371584697,1018.3
2021,"Cote d'Ivoire",6.35425,101,1,2021,2228459,0.50460005,26.37890410958904,23.1,30.5,0,60.4,3.2594520547945205,1189.7
2022,"Cote d'Ivoire",3.81901875,102,1,2022,2358991,0.50020003,25.64246575342466,22.2,30.5,0,74.2,4.266575342465753,1557.3
1995,"Nigeria",2.19600329824902,103,4,1995,203000,0.2576,24.437260273972605,19.8,30.4,0,54.5,3.7087671232876716,1353.7
2000,"Nigeria",0.977935222672065,104,4,2000,338000,0.3499,24.485245901639345,20.2,30.8,0,42.4,3.301912568306011,1208.5
2001,"Nigeria",4.04878048780488,105,4,2001,340000,0.35200003,24.463287671232877,19.7,29.6,0,77.5,3.324657534246575,1213.5
2002,"Nigeria",1.011830641945775,106,4,2002,362000,0.3515,24.525753424657534,19.4,29.9,0,26.4,3.225205479452055,1177.2
2003,"Nigeria",1.3,107,4,2003,385000,0.38420004,25.078356164383564,20.4,30,0,36.2,3.026849315068493,1104.8
2008,"Nigeria",4.78321212121212,108,4,2008,367020,0.272,24.36530054644809,18.7,29.8,0,90.6,3.802459016393443,1391.7
2009,"Nigeria",3.0515233197709564,109,4,2009,363510,0.2684,24.983835616438355,20.5,30.8,0,36.2,3.64958904109589,1332.1
2013,"Nigeria",0.826714801444043,110,4,2013,367000,0.296,24.83342465753425,20.1,30.3,0,47.3,3.5030136986301366,1278.6
2014,"Nigeria",4.403343702147658,111,4,2014,329870,0.28820002,24.763287671232877,20,30.8,0,140.7,3.973972602739726,1450.5
2015,"Nigeria",2.423125,112,4,2015,302066,0.2858,24.86027397260274,18.4,30.7,0,35.3,2.8936986301369862,1056.2
2016,"Nigeria",0.224934666666667,113,4,2016,298029,0.28410003,24.994535519125684,20.7,30.9,0,42.8,3.665027322404372,1341.4
2017,"Nigeria",0.6059305166083915,114,4,2017,250000,0.28020003,24.685479452054796,20.4,30.1,0,42.9,2.670958904109589,974.9
2018,"Nigeria",0.3997774688200045,115,4,2018,270000,0.2842,24.225753424657533,19.9,29.4,0,62.9,3.205753424657534,1170.1
2019,"Nigeria",0.0512022108843537,116,4,2019,250000,0.2823,24.176712328767124,20,29.7,0,29.1,3.0786301369863014,1123.7
2021,"Nigeria",0.0239364,117,4,2021,280000,0.2789,23.884657534246575,18.8,28.5,0,49,2.0326027397260273,741.9
2023,"Nigeria",2.65325957221095,118,4,2023,284232.16,0.2719,23.933698630136984,19.7,27.3,0,28.2,2.3838356164383563,870.1
